Krak雕;Kwiatowa;23
Krak雕;Kwiatowa;1
Krak雕;Kwiatowa;42
Krak雕;Kwiatowa;79
Krak雕;Kwiatowa;4
Krak雕;Ma쓰;2
Krak雕;Ma쓰;5
Krak雕;Ma쓰;7
Pozna已Paragwajska;76
Pozna已Paragwajska;44
Pozna已Paragwajska;54
Pozna已Paragwajska;23
Pozna已Paragwajska;11
Pozna已Paragwajska;6
Pozna已Wszystkich 깡i社ych;22
Pozna已Wszystkich 깡i社ych;1
Pozna已Wszystkich 깡i社ych;2
Pozna已Wszystkich 깡i社ych;6
Pozna已S쓾neczna;5
Pozna已S쓾neczna;8
Pozna已S쓾neczna;1
Gdynia;Jerozolimska;456
Gdynia;Jerozolimska;12
Gdynia;Jerozolimska;43
Gdynia;Jerozolimska;65
Gdynia;Jerozolimska;42
Gdynia;Papieska;12
Gdynia;Papieska;53
Gdynia;Papieska;87
Gdynia;Papieska;54
Warszawa;Bia쓰;1
Warszawa;Bia쓰;2
Warszawa;Bia쓰;3
Warszawa;Bia쓰;4
Warszawa;Bia쓰;5
Warszawa;Bia쓰;6
Warszawa;Bia쓰;77
Warszawa;Bia쓰;42
Warszawa;Bia쓰;48
Warszawa;Bia쓰;23
Warszawa;Bia쓰;12
Warszawa;Bia쓰;41
Warszawa;Bia쓰;21
Warszawa;Bia쓰;53
Warszawa;Bia쓰;32
Warszawa;Bia쓰;89
Warszawa;Bia쓰;97
Warszawa;Powsta刃雕;1
Warszawa;Powsta刃雕;2
Warszawa;Powsta刃雕;3
Warszawa;Powsta刃雕;5
Warszawa;Powsta刃雕;6
Warszawa;Powsta刃雕;7
Warszawa;Powsta刃雕;9
Warszawa;Powsta刃雕;23
Warszawa;Powsta刃雕;12
Warszawa;Powsta刃雕;65
Warszawa;Powsta刃雕;43
Warszawa;Powsta刃雕;32
Warszawa;Powsta刃雕;92
