Stadion;Szko쓰 podstawowa;Przedszkole;Ko띾i嗾
Szpital;Metro;Si쓾wnia;Ko띾i嗾
Przedszkole;Metro;Park;Ko띾i嗾
Przedszkole;Stadion;Park;
Przedszkole;Stadion;Szko쓰 podstawowa;
Przedszkole;Stadion;Szko쓰 podstawowa;
Przedszkole;Stadion;Szko쓰 podstawowa;Ko띾i嗾
Przedszkole;Stadion;Si쓾wnia;Ko띾i嗾
Przedszkole;Stadion;Si쓾wnia;Ko띾i嗾
Przedszkole;Stadion;Si쓾wnia;Ko띾i嗾
Przedszkole;Si쓾wnia;Ko띾i嗾;Park
Przedszkole;Park;Si쓾wnia;Ko띾i嗾
Przedszkole;Park;Si쓾wnia;Ko띾i嗾
Przedszkole;Park;Szko쓰 podstawowa;Ko띾i嗾
Przedszkole;Park;Szko쓰 podstawowa;Si쓾wnia
Szpital;Stadion;Szko쓰 podstawowa;Si쓾wnia
Szpital;Stadion;Szko쓰 podstawowa;Metro
Szpital;Stadion;Szko쓰 podstawowa;Metro
Szpital;Stadion;Park;
Szpital;Si쓾wnia;Ko띾i嗾;
Szpital;Metro;Si쓾wnia;
Szpital;Metro;Ko띾i嗾;Przystanek
Szpital;Metro;Park;Przystanek
Szpital;Metro;Park;Przystanek
Szpital;Metro;Park;Przystanek
Szpital;Metro;Park;Przystanek
Szpital;Metro;Park;Przystanek
Szpital;Metro;Park;Przystanek
Szpital;Metro;Ko띾i嗾;Przystanek
Szpital;Stadion;Park;Si쓾wnia
Stadion;Metro;Park;Ko띾i嗾
Stadion;Metro;Park;Ko띾i嗾
Stadion;Metro;Park;Ko띾i嗾
Stadion;Metro;Park;Ko띾i嗾
Stadion;Metro;Park;Ko띾i嗾
Stadion;Metro;Park;
Stadion;Metro;Park;
Stadion;Metro;Park;
Stadion;Metro;Park;Ko띾i嗾
Stadion;Metro;Park;Ko띾i嗾
Stadion;Metro;Park;Ko띾i嗾
Stadion;Metro;Park;Ko띾i嗾
Stadion;Metro;Park;Ko띾i嗾
Stadion;Metro;Park;Ko띾i嗾
Stadion;Metro;Si쓾wnia;Ko띾i嗾
Stadion;Metro;Si쓾wnia;Ko띾i嗾
Stadion;Metro;Si쓾wnia;Ko띾i嗾
Stadion;Metro;Si쓾wnia;Ko띾i嗾
Stadion;Metro;Si쓾wnia;Park
Stadion;Metro;Si쓾wnia;Park
Szpital;Metro;Si쓾wnia;Park
Szpital;Metro;Si쓾wnia;Park
Szpital;Metro;Si쓾wnia;Park
Szpital;Metro;Si쓾wnia;Park
Szpital;Metro;Si쓾wnia;Park
Szpital;Metro;Si쓾wnia;Park
Szpital;Metro;Si쓾wnia;Park
Szpital;Metro;Si쓾wnia;Park
Szpital;Metro;Si쓾wnia;Park
Szpital;Metro;Si쓾wnia;Park
